connector,position covered,sequence (flanked by BsmBI sites and fusion sites),part_id,
conn A-B,1,5'-CGTCTCgTAGGTCCACTGGTGAGGACGTGTGTGACTATCTGACTGTTGATTATGGcGAGACG-3',EGF_ML_connab,
conn A-C,1-2,5'-CGTCTCgTAGGTCTTGTATTCAGTCTCGCACTTTAGACATGGTCTTCTGCTGCCCGTGGTCCTCTATTCGTCGGATGTTCTGTCGATTCTTCCTGTCTATCTGGACTcGAGACG-3',EGF_ML_connac,
conn B-C,2,5'-CGTCTCgATGGACTAACTACGGTGAAAGAGACTTAGAAGGAGATTGAGAGAGACTcGAGACG-3',EGF_ML_connbc,
conn B-F,2-5,5'-CGTCTCgATGGACTAACTACGGTGAAAGAGACTTAGAAGGAGATTGAGAGATCCGcGAGACG-3',EGF_ML_connbf,
conn B-L,2-11,5'-CGTCTCgATGGACTGGTCGCTTGGAATCTCCACTTACCTGCCTCCCATTTACGTCcGAGACG-3',EGF_ML_connbl,
conn D-E,4,5'-CGTCTCgGGACTTAGCCTTTAGTGAACCGTCAGAATTAATTCAGATCGATCTATCCGcGAGACG-3',EGF_ML_connde,
conn D-F,4-5,5'-CGTCTCaGGACTTAGCCTTTAGTGAACCGTCAGAATTAATTCAGATCGATCTACCAGcGAGACG-3',EGF_ML_conndf,
conn E-F,5,5'-CGTCTCgTCCGTTAGCCTTTAGTGAACCGTCAGAATTAATTCAGATCGATCTACCAGcGAGACG-3',EGF_ML_connef,
conn H-Ha,8a,5'-CGTCTCgAGGCTAATAACAGCTTCCGGACTCTAGAACATCCCTACAGGTGATATCCTCGATCCcGAGACG-3',EGF_ML_connhha,
conn H-J,8-9,5'-CGTCTCaAGGCTAATAACAGCTTCCGGACTCTAGAACATCCCTACAGGTGATATCCTCGTGCTcGAGACG-3',EGF_ML_connhj,
conn H-K,8-10,5'-CGTCTCaAGGCTAATAACAGCTTCCGGACTCTAGAACATCCCTACAGGTGATATCCTCGGGTAcGAGACG-3',EGF_ML_connhk,
conn Ha-J,8b-9,5'-CGTCTCgATCCGAGGCTAACTGAAACACGGAAGGAGACAATACAGGAAGGAACTGCTcGAGACG-3',EGF_ML_connhaj,
conn Ha-K,8b-10,5'-CGTCTCgATCCGAGGCTAACTGAAACACGGAAGGAGACAATACAGGAAGGAACGGTAcGAGACG-3',EGF_ML_connhak,
conn J-K,10,5'-CGTCTCgTGCTGAGGCTAACTGAAACACGGAAGGAGACAATACAGGAAGGAACGGTAcGAGACG-3',EGF_ML_connjk,
conn L-M,12,5'-CGTCTCaCGTCTATGATGAGGATGTTGGTGGAGAGCATGTGGAGGAAGTGGATAGGGAAGGTTGTAGAGTAGATCCGGTTGAAGTGATGAGGATAGGAGGAGGTCACcGAGACG-3',EGF_ML_connlm,
conn L-N,12-13,5'-CGTCTCaCGTCTATGATGAGGATGTTGGTGGAGAGCATGTGGAGGAAGTGGATAGGGAAGGTTGTAGAGTAGATCCGGTTGAAGTGATGAGGATAGGAGGAGGCTACcGAGACG-3',EGF_ML_connln,
conn L-R,12-17,5'-CGTCTCaCGTCTATGATGAGGATGTTGGTGGAGAGCATGTGGAGGAAGTGGATAGGGAAGGTTGTAGAGTAGATCCGGTTGAAGTGATGAGGATAGGAGGAGGCGGTcGAGACG-3',EGF_ML_connlr,
conn L-W,12-22,5'-CGTCTCaCGTCTATGATGAGGATGTTGGTGGAGAGCATGTGGAGGAAGTGGATAGGGAAGGTTGTAGAGTAGATCCGGTTGAAGTGATGAGGATAGGAGGAGGCGAAcGAGACG-3',EGF_ML_connlw,
conn L-Y,12-24,5'-CGTCTCaCGTCTATGATGAGGATGTTGGTGGAGAGCATGTGGAGGAAGTGGATAGGGAAGGTTGTAGAGTAGATCCGGTTGAAGTGATGAGGATAGGAGGAGGACTGcGAGACG-3',EGF_ML_connly,
conn M-R,13-17,5'-CGTCTCgTCACGACATAATCCACCATCAACATGCAAGTCCAGTCAACAACTTTCCCTCAGACGTTAGTGGTAATCGAACCTCAACACCTAGCCCAGAACAAGCCGGTcGAGACG-3',EGF_ML_connmr,
conn N-R,14-17,5'-CGTCTCgCTACGACATAATCCACCATCAACATGCAAGTCCAGTCAACAACTTTCCCTCAGACGTTAGTGGTAATCGAACCTCAACACCTAGCCCAGAACAAGCCGGTcGAGACG-3',EGF_ML_connnr,
conn Q-R,17,5'-CGTCTCgGCTCGACATAATCCACCATCAACATGCAAGTCCAGTCAACAACTTTCCCTCAGACGTTAGTGGTAATCGAACCTCAACACCTAGCCCAGAACAAGCCGGTcGAGACG-3',EGF_ML_connqr,
conn Q-W,17-22,5'-CGTCTCgGCTCGACATAATCCACCATCAACATGCAAGTCCAGTCAACAACTTTCCCTCAGACGTTAGTGGTAATCGAACCTCAACACCTAGCCCAGAACAAGCCGAAcGAGACG-3',EGF_ML_connqw,
conn R-W,18-22,5'-CGTCTCgCGGTCCTACCCAACTACAAAGCCCTCCGAAGTCCCTACCAGCTCCGAAcGAGACG-3',EGF_ML_connrw,
conn T-V,20-21,5'-CGTCTCgAGCGGCTAATAATTCACTCCTCCTGGTCGCCTCTTCATACTCCCGTTGcGAGACG-3',EGF_ML_conntv,
conn U-V,21,5'-CGTCTCgTGGATAATCCAACAACCCCATAACACCCGCCACACATACAGTTGcGAGACG-3',EGF_ML_connuv,
conn W-X,23,5'-CGTCTCgCGAATCTTGTATTCAGTCTCGCACTTTAGACATGGTCTTCTGCTGCCCGTGGTCCTCTATTCGTCGGATGTTCTGTCGATTCTTCCTGTCTATCTGCACGcGAGACG-3',EGF_ML_connwx,
conn W-Y,23-24,5'-CGTCTCaCGAACACATATTGATCCtCGTCACAACCACACCAGCACACCTCAAATCCCACACCACTCCCACAATTACCATTCACTCAACAAACTCACACATCCCACTGcGAGACG-3',EGF_ML_connwy,
conn W-Z,23-25,5'-CGTCTCaCGAACACATATTGATCCtCGTCACAACCACACCAGCACACCTCAAATCCCACACCACTCCCACAATTACCATTCACTCAACAAACTCACACATCCCACGAcGAGACG-3',EGF_ML_connwz,
conn Y-Z,25,5'-CGTCTCgACTGCACATATTGATCCtCGTCACAACCACACCAGCACACCTCAAATCCCACACCACTCCCACAATTACCATTCACTCAACAAACTCACACATCCCACGAcGAGACG-3',EGF_ML_connyz,
conn A-B BsaI-X,1,5'-CGTCTCgTAGGCGGAACACGCGAAGCGAAGCAGAGGTCTCaGGACAGTACATGTAACCATAGTGTCAAGAACAGTCGCGACGATGGAGTAAGATTAAGGGTCAATGGcGAGACG-3',EGF_ML_connabbsaix,
conn A-B BsaI-1,1,5'-CGTCTCgTAGGAGAGCATGGAGAATGGGAGAGAAAGAAGGGATGAAACAACGCAACGAACGAAAAGGTCTCaATCCCAGCTGTTAACTAGCGAGTCAGACGAGATGGATAGATTTAGATGCATGGcGAGACG-3',EGF_ML_connabbsai1,
conn Y-Z BsaI-1,25,5'-CGTCTCgACTGATCACCACCTAAACTCCAACGCAATATCTAACCACAACAATCTCACTCTATCCcGAGACCCCTCCCAACCCATAAGGCTCGTCCAATCTCAAACGAcGAGACG-3',EGF_ML_connyzbsai1,
conn Y-Z BsaI-Y,25,5'-CGTCTCgACTGTGCTTCTTTACGTAGTAGTTCCATCCCACTTATCGTCCGcGAGACCCTAATTTGTGCATTGTCGGCCTTCGTCCTTCTTTGTTGCTCTGGCTACGAcGAGACG-3',EGF_ML_connyzbsaiy,