position,part,short-name used in my slides,Category,sub-category,sequence (Flanked by BsmBI sites and fusion sites),Description,part_id
1,attB - BxB1,attB,Site-specific recombinases recognition sites,Serine integrase recognition sequences,5'-CGTCTCaTAGGAAGGCTTGTCGACGACGGCGGTCTCCGTCGTCAGGATCATCGATGGcGAGACG-3',attB site for BxB1 integrase.,EGF_ML_1_attbbxb1
1,5'HA-hAAVS1,,Homology Arm,Human genomic locus,5'-CGTCTCgTAGGgcacctctccatcctcttgctttctttgcctggacaccccgttctcctgtggattcgggtcacctctcactcctttcatttgggcagctcccctaccccccttacctctctagtctgtgctagctcttccagccccctgtcatggcatcttccaggggtccgagagctcagctagtcttcttcctccaacccgggcccCtatgtccacttcaggacagcatgtttgctgcctccagggatcctgtgtccccgagctgggaccaccttatattcccagggccggttaatgtggctctggttctgggtacttttatctgtcccctccaccccacagtggggccactagggacaggattggtgacagaaaagccccatccttaggcctcctccttcctagtctcctgatattGGgtctaacccccacctcctgttaggcagattccttatctggtgacacacccccatttcctggagccatctctctccttgccagaacctctaaggtttgcttacgatggagccagagaggatcctgggagggagaGcttggcagggggtgggagggaagggggggatgcgtgacctgcccggttctcagtggccaccctgcgctaccctctcccagaacctgagctgctctgacgcggctgtctggtgcgtttcactgatcctggtgctgcagcttccttacacttcccaagaggagaagcagtttggaaaaacaaaatcagaataagttggtcctgagttctaactttggctcttcacctttctagTccccaatttatattgttcctccgtgcgtcagttttacctgtgagataaggccagtagccaGccccgtcctggcagggctgtggtgaggaggggggtgtccgtgtggaaaactccctttgtgagaatggtgcgtATGGcGAGACG-3',Homology arm for targeting of hAVVS1 locus,EGF_ML_1_5hahaavs1
1,5'-ITR-PB,,inverted terminal repeat sequences (ITRs),transposon-specific inverted terminal repeat sequences (ITRs),5'-CGTCTCgTAGGACTATCCTAACGTCCACTTCTTAACCCTAGAAAGATAGTCTGCGTAAAATTGACGCATGCATTCTTGAAATATTGCTCTCTCTTTCTAAATAGCGCGAATCCGTCGCTGTGCATTTAGGACATCTCAGTCGCCGCTTGGAGCTCCCGTGAGGCGTGCTTGTCAATGCGGTAAGTGTCACTGATTTTGAACTATAACGACCGCGTGAGTCAAAATGACGCATGATTATCTTTTACGTGACTTTTAAGATTTAACTCATACGATAATTATATTGTTATTTCATGTTCTACTTACGTGATAACTTATTATATATATATTTTCTTGTTATAGATCAGGTGGATGAAAGCGTGTAATGGcGAGACG-3',transposon-specific inverted terminal repeat sequences (ITRs) recognized by PiggyBac transposase,EGF_ML_1_5itrpb
2,Insulator_FB,IS_FB,Insulators,endogenous elements,5'-CGTCTCgATGGGGCCGCGAATTCTGAAAGACCCCACCTGTAGGTTTGGCAAGCCCAGGGATGTACGTCCCTAACCCGCTAGGGGGCAGCAACTAGTCCCAGGCCTGCACTGCCGCCTGCCGGCAGGGGTCCAGTCGCTAGCGCATGCCTGCAGACTcGAGACG-3',FII/BEAD-A (FB) element. (STEMCELLS2008;26:3257–3266 ). FII/BEAD-A (FB) contains the minimal enhancer-blocking components of the chicken b-globin 5'HS4 insulator and a homologous region from the human T-cell receptor  BEAD-1 insulator ,EGF_ML_2_insulatorfb
3,CAGp,,Promoters,Constitutional Promoter,5'-CGTCTCgGACTGGATCTGATATCATCGTCGACATTGATTATTGACTAGTTATTAATAGTAATCAATTACGGGGTCATTAGTTCATAGCCCATATATGGAGTTCCGCGTTACATAACTTACGGTAAATGGCCCGCCTGGCTGACCGCCCAACGACCCCCGCCCATTGACGTCAATAATGACGTATGTTCCCATAGTAACGCCAATAGGGACTTTCCATTGACGTCAATGGGTGGACTATTTACGGTAAACTGCCCACTTGGCAGTACATCAAGTGTATCATATGCCAAGTACGCCCCCTATTGACGTCAATGACGGTAAATGGCCCGCCTGGCATTATGCCCAGTACATGACCTTATGGGACTTTCCTACTTGGCAGTACATCTACGTATTAGTCATCGCTATTACCATGGTCGAGGTGAGCCCCACGTTCTGCTTCACTCTCCCCATCTCCCCCCCCTCCCCACCCCCAATTTTGTATTTATTTATTTTTTAATTATTTTGTGCAGCGATGGGGGCGGGGGGGGGGGGGGCGCGCGCCAGGCGGGGCGGGGCGGGGCGAGGGGCGGGGCGGGGCGAGGCGGAGAGGTGCGGCGGCAGCCAATCAGAGCGGCGCGCTCCGAAAGTTTCCTTTTATGGCGAGGCGGCGGCGGCGGCGGCCCTATAAAAAGCGAAGCGCGCGGCGGGCGGGAGTCGCTGCGTTGGGACcGAGACG-3',"strong synthetic promoter used to drive high levels of gene expression in mammalian expression vectors. constructed in the lab of Dr Jun-ichi Miyazaki [3][4] from the following sequences: (C) the cytomegalovirus (CMV) early enhancer element + (A) the promoter, the first exon and the first intron of chicken beta-actin gene + (G) the splice acceptor of the rabbit beta-globin gene. ",EGF_ML_3_cagp
3,CMVp_Tet,,Promoters,Repressible promoter,5'-CGTCTCgGACTGACATTGATTATTGACTAGTTATTAATAGTAATCAATTACGGGGTCATTAGTTCATAGCCCATATATGGAGTTCCGCGTTACATAACTTACGGTAAATGGCCCGCCTGGCTGACCGCCCAACGACCCCCGCCCATTGACGTCAATAATGACGTATGTTCCCATAGTAACGCCAATAGGGACTTTCCATTGACGTCAATGGGTGGAGTATTTACGGTAAACTGCCCACTTGGCAGTACATCAAGTGTATCATATGCCAAGTACGCCCCCTATTGACGTCAATGACGGTAAATGGCCCGCCTGGCATTATGCCCAGTACATGACCTTATGGGACTTTCCTACTTGGCAGTACATCTACGTATTAGTCATCGCTATTACCATGGTGATGCGGTTTTGGCAGTACATCAATGGGCGTGGATAGCGGTTTGACTCACGGGGATTTCCAAGTCTCCACCCCATTGACGTCAATGGGAGTTTGTTTTGGAACCAAAATCAACGGGACTTTCCAAAATGTCGTAACAACTCCGCCCCATTGACGCAAATGGGCGGTAGGCGTGTACGGTGGGAGGTCTATATAAGCAGAGCTCTCCCTATCAGTGATAGAGATCTCCCTATCAGTGATAGAGATTGGACcGAGACG-3',Tetracycline repressible CMV promoter. CMV promoter with downstream operator sequences for TetRepressor.,EGF_ML_3_cmvptet
3,EF1ap,,Promoters,Constitutional Promoter,5'-CGTCTCgGACTGGCTCCGGTGCCCGTCAGTGGGCAGAGCGCACATCGCCCACAGTCCCCGAGAAGTTGGGGGGAGGGGTCGGCAATTGAACCGGTGCCTAGAGAAGGTGGCGCGGGGTAAACTGGGAAAGTGATGTCGTGTACTGGCTCCGCCTTTTTCCCGAGGGTGGGGGAGAACCGTATATAAGTGCAGTAGTCGCCGTGAACGTTCTTTTTCGCAACGGGTTTGCCGCCAGAACACAGGTAAGTGCCGTGTGTGGTTCCCGCGGGCCTGGCCTCTTTACGGGTTATGGCCCTTGCGTGCCTTGAATTACTTCCACCTGGCTGCAGTACGTGATTCTTGATCCCGAGCTTCGGGTTGGAAGTGGGTGGGAGAGTTCGAGGCCTTGCGCTTAAGGAGCCCCTTCGCCTCGTGCTTGAGTTGAGGCCTGGCCTGGGCGCTGGGGCCGCCGCGTGCGAATCTGGTGGCACCTTCGCGCCTGTCTCGCTGCTTTCGATAAGTCTCTAGCCATTTAAAATTTTTGATGACCTGCTGCGACGCTTTTTTTCTGGCAAGATAGTCTTGTAAATGCGGGCCAAGATCTGCACACTGGTATTTCGGTTTTTGGGGCCGCGGGCGGCGACGGGGCCCGTGCGTCCCAGCGCACATGTTCGGCGAGGCGGGGCCTGCGAGCGCGGCCACCGAGAATCGGACGGGGGTAGTCTCAAGCTGGCCGGCCTGCTCTGGTGCCTGGCCTCGCGCCGCCGTGTATCGCCCCGCCCTGGGCGGCAAGGCTGGCCCGGTCGGCACCAGTTGCGTGAGCGGAAAGATGGCCGCTTCCCGGCCCTGCTGCAGGGAGCTCAAAATGGAGGACGCGGCGCTCGGGAGAGCGGGCGGGTGAGTCACCCACACAAAGGAAAAGGGCCTTTCCGTCCTCAGCCGTCGCTTCATGTGACTCCACGGAGTACCGGGCGCCGTCCAGGCACCTCGATTAGTTCTCGAGCTTTTGGAGTACGTCGTCTTTAGGTTGGGGGGAGGGGTTTTATGCGATGGAGTTTCCCCACACTGAGTGGGTGGAGACTGAAGTTAGGCCAGCTTGGCACTTGATGTAATTCTCCTTGGAATTTGCCCTTTTTGAGTTTGGATCTTGGTTCATTCTCAAGCCTCAGACAGTGGTTCAAAGTTTTTTTCTTCCATTTCAGGTGTCGTGACGCTAGCGCTACCGGACTCAGATCTCGAGCTCAAGCTTCGAATTCGGACcGAGACG-3',strong constitutive promoter derived from  endogenous promoter of human elongation factor EF-1α . EF-1 alpha is often useful in conditions where other promoters (such as CMV) have diminished activity or have been silenced (as in embryonic stem cells),EGF_ML_3_ef1ap
3,TRE3Gp,,Promoters,Inducible Promoter,5'-CGTCTCgGACTTTATACGAAGTTATCTCGAGTTTACTCCCTATCAGTGATAGAGAACGTATGAAGAGTTTACTCCCTATCAGTGATAGAGAACGTATGCAGACTTTACTCCCTATCAGTGATAGAGAACGTATAAGGAGTTTACTCCCTATCAGTGATAGAGAACGTATGACCAGTTTACTCCCTATCAGTGATAGAGAACGTATCTACAGTTTACTCCCTATCAGTGATAGAGAACGTATATCCAGTTTACTCCCTATCAGTGATAGAGAACGTATAAGCTTTAGGCGTGTACGGTGGGCGCCTATAAAAGCAGAGCTCGTTTAGTGAACCGTCAGATCGCCTGGAGCAATTCCACAACACTTTTGTCTTATACCAACTTTCCGTACCACTTCCTACCCTCGTAAAGGACcGAGACG-3',3rd-generation Tet-responsive promoter that can be activated by binding of Tet-On® 3G,EGF_ML_3_tre3gp
4,Kt-L7Ae - Weiss,Kt,RNA regulatory sequences,Translational regulatory sequences,5'-CGTCTCgGGACAAGGATCCGTGATCGGAAACGTGAGATCCAGTTCCGcGAGACG-3',"L7Ae:K-turn system. K-t = K-turn, recognition sequence for RNA-binding protein L7Ae  . L7Ae then binds the K-turn motifs in the 5′ UTR of RNA and block the ribosome binding to the mRNA.    doi:10.1038/nbt.3301  ",EGF_ML_4_ktl7aeweiss
5,attP - BxB1,attP,Site-specific recombinases recognition sites,Serine integrase recognition sequences,5'-CGTCTCaTCCGCTGTGGTTTGTCTGGTCAACCACCGCGGTCTCAGTGGTGTACGGTACAAACCCATGCCAGcGAGACG-3',attP site for BxB1 integrase,EGF_ML_5_attpbxb1
5,K1-K1 -L7Ae,K1,RNA regulatory sequences,Translational regulatory sequences,5'-CGTCTCgTCCGCAAACAAAGGGTGTGAACGGTGATCACCCGAGAGCAAGGGTGTGAACGGTGATCACCCGCAAACAAATTCGCCAGcGAGACG-3',"L7Ae:K-turn system. K = K-turn, recognition sequence for RNA-binding protein L7Ae  . L7Ae then binds the K-turn motifs in the 5′ UTR of RNA and block the ribosome binding to the mRNA.   ",EGF_ML_5_k1k1l7ae
5,Kt-Kt -L7Ae-Weiss,Kt-Kt,RNA regulatory sequences,Translational regulatory sequences,5'-CGTCTCgTCCGCAAACAAAGGATCCGTGATCGGAAACGTGAGATCCAAAGCAAAAGGATCCGTGATCGGAAACGTGAGATCCCAAACAAATTCGCCAGcGAGACG-3',"L7Ae:K-turn system. K-t = K-turn, recognition sequence for RNA-binding protein L7Ae  . L7Ae then binds the K-turn motifs in the 5′ UTR of RNA and block the ribosome binding to the mRNA.    doi:10.1038/nbt.3301  ",EGF_ML_5_ktktl7aeweiss
6,ATG-BoxC (L7Ae),,RNA regulatory sequences,Translational regulatory sequences,5'-CGTCTCgCCAGAACCGTCAGATCCGCTAGCGATTACGTCAATTGCCACCATGGGAGGGCGTGATGCGAAAGCTGACCCTAGCGGCAGCcGAGACG-3',BoxC recognized by RNA binding protein L7Ae.  L7Ae then binds theBoxC motif placed after the ATG and block translation of the CDS. dOI: 10.1038/nCHeMBIO.273,EGF_ML_6_atgboxcl7ae
6,Kozak_ATG,Kz_1,Kozak sequence + ATG,,5'-CGTCTCgCCAGAACCGTCAGATCCGCTAGAGATTACGCCAACCGCCACCATGGGCAGCcGAGACG-3',Classical kozak sequence,EGF_ML_6_kozakatg
6,Nt-IgKL sequence,IgKL,Peptide Tags,Protein Tags for Subcellular targeting,5'-CGTCTCgCCAGCCGCCACCATGGAAACAGACACACTGCTGCTATGGGTACTGCTGCTCTGGGTTCCAGGTTCCACTGGTGACAGCAGCcGAGACG-3',N-terminal leader sequence from mouse immunoglobulin κ light chain. Peptide tag that targets the protein to the secretion pathway for protein secretion,EGF_ML_6_ntigklsequence
6,Nt-MLS,MLS,Peptide Tags,Protein Tags for Subcellular targeting,5'-CGTCTCgCCAGCCGCCACCATGAGCGTGCTGACCCCCCTGCTGCTGCGCGGCCTGACCGGCAGCGCCCGCCGCCTGCCCGTGCCCCGCGCCAAGATCCACAGCCTGGGCAGCcGAGACG-3',N-Terminal mitochondrial leader sequence. Peptide tag that targets the protein to the mitochondria,EGF_ML_6_ntmls
6,Nt-myristoylation signal,,Peptide Tags,Protein Tags for Subcellular targeting,5'-CGTCTCgCCAGCCGCCACCATGGGGAGTAGCAAGAGCAAGCCTAAGGACCCCAGCCAGCGCGGCAGCcGAGACG-3',N-Terminal myristoylation signal. N-myristoylation signal from Src Kinase - fusion proteins are targeted to and serve as markers of the plasma membrane. Anchors protein to the membrane ( Genesis. 2006 April ; 44(4): 202–218. doi:10.1002/dvg.20203.),EGF_ML_6_ntmyristoylationsignal
6,Nt-Palmytolination sequence,Pal,Peptide Tags,Protein Tags for Subcellular targeting,5'-CGTCTCgCCAGCCGCCACCATGCTGTGCTGCATGCGCCGCACCAAGCAGGTGGAGAAGAACGACGACGACCAGAAGATCGGCAGCcGAGACG-3',N-terminal GAP43-palmitoylation sequence. Petide tag for targeting the protein to the plasma membrane ,EGF_ML_6_ntpalmytolinationsequence
6,Nt-SV40-NLS,SV40-NLS,Peptide Tags,Protein Tags for Subcellular targeting,5'-CGTCTCgCCAGCCGCCACCATGCCTAAGAAGAAACGGAAAGTGGGCAGCcGAGACG-3',N-terminal nuclear localization signal of SV40 large T antigen. Peptide tag for targeting the protein to the nucleus ,EGF_ML_6_ntsv40nls
6,3X-FLAG,3X-FLAG,Peptide Tags,"Protein Tags for immunoprecipitation/immunostaining, western blot",5'-CGTCTCaCCAGCCGCCACCATGGACTACAAAGACCATGACGGTGATTATAAAGATCATGACATCGATTACAAGGATGACGATGACAAGGGCAGCcGAGACG-3',"N-t 3xFLAG. 3XFLAG is hydrophilic, contains an Enterokinase cleavage site, and is relatively small. Therefore, the risk of altering protein function, blocking other epitopes or decreasing solubility is minimized. In cases of low-level expression, 3xFLAG is ideal",EGF_ML_6_3xflag
7,BxB1,,Site-specific recombinases,Serine Integrases,5'-CGTCTCgCAGCAGAGCACTGGTGGTCATCCGACTGAGTAGGGTCACAGACGCAACAACAAGCCCCGAACGGCAGCTCGAAAGCTGTCAGCAGCTGTGTGCcCAGCGAGGATGGGACGTGGTCGGAGTGGCAGAGGATCTGGACGTGAGCGGCGCTGTCGATCCATTCGACAGAAAGCGGAGGCCCAACCTGGCAAGGTGGCTGGCTTTCGAGGAACAGCCCTTTGATGTGATCGTCGCCTACAGAGTGGACAGGCTGACACGCTCTATTCGACATCTGCAGCAGCTGGTGCATTGGGCCGAGGACCACAAGAAACTGGTGGTCAGTGCAACTGAAGCCCACTTCGATACCACAACTCCTTTTGCCGCTGTGGTCATCGCACTGATGGGCACCGTGGCCCAGATGGAGCTGGAAGCTATCAAGGAGCGAAACCGGAGTGCAGCCCATTTCAATATTCGGGCCGGGAAATACAGAGGATCACTGCCCCCTTGGGGCTATCTGCCTACCCGGGTGGATGGGGAGTGGAGACTGGTGCCAGACCCCGTCCAGAGAGAGAGGATTCTGGAAGTGTACCACAGGGTGGTCGATAACCACGAACCACTGCATCTGGTCGCCCACGACCTGAATAGGCGCGGCGTGCTGAGCCCAAAAGATTATTTTGCTCAGCTGCAGGGAAGGGAGCCACAGGGACGAGAATGGTCCGCTACCGCCCTGAAGCGGAGCATGATCAGTGAGGCTATGCTGGGCTACGCAACTCTGAATGGGAAAACCGTCCGGGACGATGACGGAGCACCACTGGTGAGGGCTGAGCCTATTCTGACACGCGAGCAGCTGGAAGCTCTGCGGGCAGAACTGGTGAAAACCTCCAGAGCCAAACCTGCCGTGAGCACCCCAAGCCTGCTGCTGAGGGTGCTGTTCTGCGCCGTCTGTGGGGAGCCAGCATACAAGTTTGCCGGCGGGGGAAGAAAACATCCCCGCTATCGATGCCGGTCTATGGGATTCCCTAAGCACTGTGGAAACGGCACTGTGGCTATGGCCGAGTGGGACGCCTTTTGTGAGGAACAGGTGCTGGATCTGCTGGGCGACGCCGAGAGGCTGGAAAAAGTGTGGGTCGCTGGCAGCGACTCCGCTGTGGAGCTGGCAGAAGTCAATGCCGAGCTGGTGGATCTGACCTCCCTGATCGGATCTCCTGCATATAGGGCAGGCTCACCACAGCGAGAAGCTCTGGACGCACGAATTGCTGCACTGGCAGCTCGACAGGAGGAACTGGAGGGGCTGGAAGCACGACCTAGCGGATGGGAGTGGCGAGAAACAGGCCAGCGGTTTGGGGATTGGTGGAGAGAGCAGGACACAGCAGCCAAGAACACTTGGCTGAGAAGTATGAATGTCAGGCTGACTTTCGATGTGCGCGGCGGGCTGACCCGAACAATCGATTTTGGCGACCTGCAGGAGTATGAACAGCACCTGAGACTGGGGAGCGTGGTCGAAAGACTGCACACTGGGATGTCATCAGGCcGAGACG-3',"BxB1 Serine integrase. Phage-encoded serine integrases (Xu et al. BMC Biotechnology 2013, 13:87)",EGF_ML_7_bxb1
7,L7Ae - Weiss,L7Ae,RNA-Binding proteins,RNA-Binding proteins,5'-CGTCTCgCAGCTACGTGAGATTTGAGGTTCCTGAGGACATGCAGAACGAAGCTCTGAGTCTGCTGGAGAAGGTTAGGGAGAGCGGTAAGGTAAAGAAAGGTACCAACGAAACGACAAAGGCTGTGGAGAGGGGACTGGCAAAGCTCGTTTACATCGCAGAGGATGTTGACCCGCCTGAGATCGTTGCTCATCTGCCCCTCCTCTGCGAGGAGAAGAATGTGCCGTACATTTACGTTAAAAGCAAGAACGACCTTGGAAGGGCTGTGGGCATTGAGGTGCCATGCGCTTCGGCAGCGATAATCAACGAGGGAGAGCTGAGAAAGGAGCTTGGAAGCCTTGTGGAGAAGATTAAAGGCCTTCAGAAGTCAGGCcGAGACG-3',"ribosomal protein L7Ae of Archaeoglobus fulgidus, which binds tightly to the K-turn RNA motif.  It can be used to inhibit tranlsation when Kt is placed in 5'UTR of a mRNA. doi:10.1038/nbt.3301",EGF_ML_7_l7aeweiss
7,L7Ae ,,RNA-Binding proteins,RNA-Binding proteins,5'-CGTCTCgCAGCAGCCCCATCCTGGGCTACTGGAAGATCAAGGGCCTGGTGCAGCCCACCCGCCTGCTGCTGGAGTACCTGGAGGAGAAGTACGAGGAGCACCTGTACGAGCGCGACGAGGGCGACAAGTGGCGCAACAAGAAGTTCGAGCTGGGCCTGGAGTTCCCCAACCTGCCCTACTACATCGACGGCGACGTGAAGCTGACCCAGAGCATGGCCATCATCCGCTACATCGCCGACAAGCACAACATGTACGTGCGCTTCGAGGTGCCCGAGGACATGCAGAACGAGGCCCTGAGCCTGCTGGAGAAGGTGCGCGAGAGCGGCAAGGTGAAGAAGGGCACCAACGAaACCACCAAGGCCGTGGAGCGCGGCCTGGCCAAGCTGGTGTACATCGCCGAGGACGTGGACCCCCCCGAGATCGTGGCCCACCTGCCCCTGCTGTGCGAGGAGAAGAACGTGCCCTACATCTACGTGAAGAGCAAGAACGACCTGGGCCGCGCCGTGGGCATCGAGGTGCCCTGCGCCAGCGCCGCCATCATCAACGAGGGCGAGCTGCGCAAGGAGCTGGGCAGCCTGGTGGAGAAGATCAAGGGCCTGCAGAAGTCAGGCcGAGACG-3',"ribosomal protein L7Ae of Archaeoglobus fulgidus, which binds tightly to the K-turn RNA motif.  It can be used to inhibit tranlsation when Kt is placed in 5'UTR of a mRNA. doi:10.1038/nbt.3301",EGF_ML_7_l7ae
7,mKate2,mK2,Fluorescent Reporter,Far-red Fluorescent Reporter,5'-CGTCTCgCAGCgtgagcgagctgattaaggagaacatgcacatgaagctgtacatggagggcaccgtgaacaaccaccacttcaagtgcacatccgagggcgaaggcaagccctacgagggcacccagaccatgagaatcaaggcggtcgagggcggccctctccccttcgccttcgacatcctggctaccagcttcatgtacggcagcaaaaccttcatcaaccacacccagggcatccccgacttctttaagcagtccttccccgagggcttcacatgggagagagtcaccacatacgaagacgggggcgtgctgaccgctacccaggacaccagcctccaggacggctgcctcatctacaacgtcaagatcagaggggtgaacttcccatccaacggccctgtgatgcagaagaaaacactcggctgggaggcctccaccgaaaccctgtaccccgctgacggcggcctggaaggcagagccgacatggccctgaagctcgtgggcgggggccacctgatctgcaacttgaagaccacatacagatccaagaaacccgctaagaacctcaagatgcccggcgtctactatgtggacagaagactggaaagaatcaaggaggccgacaaagaaacctacgtcgagcagcacgaggtggctgtggccagatactgcgacctccctagcaaactggggcacagaTCAGGCcGAGACG-3',"Fluorescent reporter - Far red - λex (nm) = 588, λem (nm) = 633 doi: 10.1042/bj20081949",EGF_ML_7_mkate2
7,mNeoGreen,mNG,Fluorescent Reporter,Green Fluorescent Reporter,5'-CGTCTCgCAGCGTGAGCAAGGGCGAGGAGGATAACATGGCCTCTCTCCCAGCGACACATGAGTTACACATCTTTGGCTCCATCAACGGTGTGGACTTTGACATGGTGGGTCAGGGCACCGGCAATCCAAATGATGGTTATGAGGAGTTAAACCTGAAGTCCACCAAGGGTGACCTCCAGTTCTCCCCCTGGATTCTGGTCCCTCATATCGGGTATGGCTTCCATCAGTACCTGCCCTACCCTGACGGGATGTCGCCTTTCCAGGCCGCCATGGTAGATGGCTCCGGATACCAAGTCCATCGCACAATGCAGTTTGAAGATGGTGCCTCCCTTACTGTTAACTACCGCTACACCTACGAGGGAAGCCACATCAAAGGAGAGGCCCAGGTGAAGGGGACTGGTTTCCCTGCTGACGGTCCTGTGATGACCAACTCGCTGACCGCTGCGGACTGGTGCAGGTCGAAGAAGACTTACCCCAACGACAAAACCATCATCAGTACCTTTAAGTGGAGTTACACCACTGGAAATGGCAAGCGCTACCGGAGCACTGCGCGGACCACCTACACCTTTGCCAAGCCAATGGCGGCTAACTATCTGAAGAACCAGCCGATGTACGTGTTCCGTAAGACGGAGCTCAAGCACTCCAAGACCGAGCTCAACTTCAAGGAGTGGCAAAAGGCCTTTACCGATGTGATGGGCATGGACGAGCTGTACAAGTCAGGCcGAGACG-3',Fluorescent reporter - Green - λex (nm) = 506 λem (nm) = 517  . doi: 10.1038/nmeth.2413,EGF_ML_7_mneogreen
7,mRuby2,mR2,Fluorescent Reporter,Red Fluorescent Reporter,5'-CGTCTCgCAGCGTGTCTAAGGGCGAAGAGCTGATCAAGGAAAATATGCGTATGAAGGTGGTCATGGAAGGTTCGGTCAACGGCCACCAATTCAAATGCACAGGTGAAGGAGAAGGCAATCCGTACATGGGAACTCAAACCATGAGGATCAAAGTCATCGAGGGAGGACCCCTGCCATTTGCCTTTGACATTCTTGCCACGTCGTTCATGTATGGCAGCCGTACTTTTATCAAGTACCCGAAAGGCATTCCTGATTTCTTTAAACAGTCCTTTCCTGAGGGTTTTACTTGGGAAAGAGTTACGAGATACGAAGATGGTGGAGTCGTCACCGTCATGCAGGACACCAGCCTTGAGGATGGCTGTCTCGTTTACCACGTCCAAGTCAGAGGGGTAAACTTTCCCTCCAATGGTCCCGTGATGCAGAAGAAGACCAAGGGTTGGGAGCCTAATACAGAGATGATGTATCCAGCAGATGGTGGTCTGAGGGGATACACTCATATGGCACTGAAAGTTGATGGTGGTGGCCATCTGTCTTGCTCTTTCGTAACAACTTACAGGTCAAAAAAGACCGTCGGGAACATCAAGATGCCCGGTATCCATGCCGTTGATCACCGCCTGGAAAGGTTAGAGGAAAGTGACAATGAAATGTTCGTAGTACAACGCGAACACGCAGTTGCCAAGTTCGCCGGGCTTGGTGGTGGGATGGACGAGCTGTACAAGTCAGGCcGAGACG-3',Fluorescent reporter - Red - λex (nm) = 559 λem (nm) = 600  . doi: 10.1038/nmeth.2171,EGF_ML_7_mruby2
7,mTagBFP2,mBP2,Fluorescent Reporter,Blue Fluorescent Reporter,5'-CGTCTCgCAGCGTGTCTAAGGGCGAAGAGCTGATTAAGGAGAACATGCACATGAAGCTGTACATGGAGGGCACCGTGGACAACCATCACTTCAAGTGCACATCCGAGGGCGAAGGCAAGCCCTACGAGGGCACCCAGACCATGAGAATCAAGGTGGTCGAGGGCGGCCCTCTCCCCTTCGCCTTCGACATCCTGGCTACTAGCTTCCTCTACGGCAGCAAGACCTTCATCAACCACACCCAGGGCATCCCCGACTTCTTCAAGCAGTCCTTCCCTGAGGGCTTCACATGGGAGAGAGTCACCACATACGAAGACGGGGGCGTGCTGACCGCTACCCAGGACACCAGCCTCCAGGACGGCTGCCTCATCTACAACGTCAAGATCAGAGGGGTGAACTTCACATCCAACGGCCCTGTGATGCAGAAGAAAACACTCGGCTGGGAGGCCTTCACCGAAACGCTGTACCCCGCTGACGGCGGCCTGGAAGGCAGAAACGACATGGCCCTGAAGCTCGTGGGCGGGAGCCATCTGATCGCAAACGCCAAGACCACATATAGATCCAAGAAACCCGCTAAGAACCTCAAGATGCCTGGCGTCTACTATGTGGACTACAGACTGGAAAGAATCAAGGAGGCCAACAACGAaACCTACGTCGAGCAGCACGAGGTGGCAGTGGCCAGATACTGCGACCTCCCTAGCAAACTGGGGCACAAGCTTAATTCAGGCcGAGACG-3',Fluorescent reporter - Blue - λex (nm) = 399 λem (nm) = 454  . doi: 10.1371/journal.pone.0028674,EGF_ML_7_mtagbfp2
7,Fyrefly Luciferase ,LCF,Bioluminescent Reporters,Luciferases,5'-CGTCTCgCAGCGAGGACGCCAAGAACATCAAGAAGGGACCAGCCCCCAGATACCCCCTGGAGGACGGCACAGCCGGCGAGCAGCTGCACAAGGCCATGAAGCGGTACGCCCAGGTGCCAGGCACCATCGCCTTCACCGACGCCCACATCGAGGTGAACATCACCTACGCCGAGTACTTCGAGATGAGCGTGCGGCTGGCCGAGGCCATGAAGCGGTACGGCCTGAACACCAACCACCGCATCGTGGTTTGCAGCGAAAACAGCCTGCAGTTCTTTATGCCAGTTCTGGGAGCACTGTTCATCGGAGTTGCAGTGGCCCCAGCAAACGACATCTACAACGAACGCGAGCTGCTGAACTCCATGAACATCAGCCAGCCAACCGTTGTGTTCGTGAGCAAGAAAGGCCTGCAGAAGATTCTGAATGTGCAGAAGAAGCTGCCAATCATTCAGAAGATCATTATCATGGACAGCAAGACCGATTACCAGGGCTTCCAGAGCATGTACACCTTCGTGACCAGCCACCTGCCCCCAGGCTTCAACGAGTACGACTTCAAGCCCGAGAGCTTCGACCGGGACAAGACCATCGCCCTGATCATGAACAGCAGCGGCAGCACCGGCCTGCCCAAGGGCGTGGCCCTGCCCCACCGGACCGCCTGCGTGCGGTTCAGCCACGCCAGGGACCCCATCTTCGGCAACCAGATCAAGCCAGACACCGCTATCCTGAGCGTTGTGCCATTCCACCACGGCTTCGGCATGTTCACCACCCTGGGCTACCTGATCTGCGGCTTCCGGGTGGTGCTGATGTACAGGTTCGAGGAGGAGCTGTTCCTGCGGAGCCTGCAGGACTACAAGATCCAGACCGCCCTGCTGGTGCCCACCCTGTTCAGCTTCTTCGCCAAGAGCACCCTGATCGACAAGTACGACCTGAGCAACCTGCACGAGATCGCCTCTGGCGGAGCCCCACTGAGCAAGGAGGTGGGCGAGGCCGTGGCCAAGCGGTTCCACCTGCCAGGCATCCGGCAGGGCTACGGGCTGACCGAAACCACTAGCGCCATCCTGATCACCCCCGAGGGCGACGACAAGCCCGGAGCCGTGGGCAAGGTGGTTCCATTCTTTGAGGCCAAAGTTGTGGACCTGGATACCGGGAAGACCCTGGGCGTGAACCAGAGAGGCGAGCTGTGCGTGAGAGGCCCCATGATCATGAGCGGCTACGTGAACAACCCCGAGGCCACCAACGCCCTGATCGACAAGGATGGCTGGCTGCACAGCGGCGACATCGCCTACTGGGATGAGGACGAGCACTTCTTTATCGTGGATCGGCTGAAGAGCCTGATCAAATACAAGGGCTACCAGGTGGCCCCAGCCGAGCTGGAGAGCATCCTGCTGCAGCACCCCAACATCCGGGACGCCGGAGTGGCCGGACTGCCCGACGACGACGCCGGAGAGCTGCCAGCCGCCGTGGTGGTGCTGGAGCACGGCAAGACCATGACCGAGAAGGAGATCGTGGACTACGTGGCCAGCCAGGTGACCACCGCCAAAAAGCTGAGAGGAGGCGTGGTCTTCGTGGATGAAGTGCCCAAGGGCCTGACCGGGAAGCTGGACGCCAGAAAGATCCGGGAGATCCTGATCAAGGCCAAGAAGGGCGGCAAGATCGCAGTGTCAGGCcGAGACG-3',Reporter gene encoding for Fyreply luciferase. Bioluminescent imaging  is a sensitive and versatile tool that uses luciferase enzyme as an imaging reporter,EGF_ML_7_fyreflyluciferase
8,Linker 1,LK-1,Peptide Linker,Flexible Peptide Linker,5'-CGTCTCgAGGCTCTGGACTCAGATCTGGCAGCGGAGGAGGCAGCGCATCTGGCGGAAGCGGAGCGTcGAGACG'-3,Flexible peptide linker: SGLRSGSGGGSASGGSG  . PROTEIN SCIENCE 2013 VOL 22:153—167,EGF_ML_8_linker1
8,Linker 2,LK-2,Peptide Linker,Flexible Peptide Linker,5'-CGTCTCgAGGCGGCAGCGCCGGCAGCGCCGCCGGCAGCGGCGAGTTCGCGTcGAGACG-3',The linker sequence avoid large hydrophobic residues to maintain good solubility in aque- ous solutions. This linker provided similar performance as a longer (GGGGS)4 linker. One advantage of this linker over the (GGGGS)4 linker is that it did not have high homologous repeats in its DNA coding sequence.   Nat. Biotechnol. 17 (1999) 691–695.,EGF_ML_8_linker2
8,p2A-Porcine teschovirus-1 ,p2A,2A-like peptide sequences ,2A peptide ,5'-CGTCTCgAGGCGCTACTAACTTCAGCCTGCTGAAGCAGGCTGGcGACGTGGAGGAGAACCCTGGACCTGCGTcGAGACG-3',"‘self-cleaving’ 2A peptide. Nat. Biotechnol. (2004) 22, 589–594",EGF_ML_8_p2aporcineteschovirus1
8a,Ct-KDEL,KDEL,Peptide Tags,Protein Tags for Subcellular targeting,5'-CGTCTCgAGGCAAGGACGAGCTGTAAGCGGCCGCGACTCTAGATCATAATCAGCCATACCAATCCcGAGACG-3',Protein tag for targeting the endoplasmic reticulum,EGF_ML_8a_ctkdel
8b,IRES2,,IRES (Internal Ribosome Entry Sequence),,5'-CGTCTCgATCCCGCTCGATAAGCTTGATATCGAATTCCGCCCCTCTCCCTCCCCCCCCCCTAACGTTACTGGCCGAAGCCGCTTGGAATAAGGCCGGTGTGCGTTTGTCTATATGTTATTTTCCACCATATTGCCGTCTTTTGGCAATGTGAGGGCCCGGAAACCTGGCCCTGTCTTCTTGACGAGCATTCCTAGGGGTCTTTCCCCTCTCGCCAAAGGAATGCAAGGTCTGTTGAATGTCGTGAAGGAAGCAGTTCCTCTGGAAGCTTCTTGAAGACAAACAACGTCTGTAGCGACCCTTTGCAGGCAGCGGAACCCCCCACCTGGCGACAGGTGCCTCTGCGGCCAAAAGCCACGTGTATAAGATACACCTGCAAAGGCGGCACAACCCCAGTGCCACGTTGTGAGTTGGATAGTTGTGGAAAGAGTCAAATGGCTCTCCTCAAGCGTATTCAACAAGGGGCTGAAGGATGCCCAGAAGGTACCCCATTGTATGGGATCTGATCTGGGGCCTCGGTGCACATGCTTTACATGTGTTTAGTCGAGGTTAAAAAACGTCTAGGCCCCCCGAACCACGGGGACGTGGTTTTCCTTTGAAAAACACGATGATAATATGGCCACAACCGCGTcGAGACG-3',IRES - internal ribosome entry site. ATG in included,EGF_ML_8b_ires2
9,BSDR,,Selection Markers,Antibiotic Resistance,5'-CGTCTCgGCGTCCGCCAAGCCTCTGAGCCAGGAGGAGAGCACCCTGATCGAGCGCGCCACCGCCACCATCAACAGCATCCCTATCAGCGAAGACTACAGCGTGGCCAGCGCCGCTCTGAGCAGCGACGGCCGCATCTTCACAGGAGTGAACGTGTACCACTTCACCGGAGGACCTTGCGCCGAACTGGTGGTGCTGGGCACCGCTGCCGCTGCTGCCGCTGGAAACCTGACCTGCATCGTGGCCATCGGCAACGAGAACCGCGGAATCCTGAGCCCTTGCGGCCGCTGCCGCCAGGTGCTGCTGGACCTGCACCCCGGCATCAAGGCCATCGTGAAGGACAGCGACGGCCAGCCCACCGCCGTGGGCATCCGCGAGCTGCTGCCCAGCGGCTACGTGTGGGAAGGCTAATAATGCTcGAGACG-3',blasticidin-resistance gene encoding a  blasticidin S (BS) deaminase. Blasticidin is an efficient selective antibiotic that acts on both eukaryotic and prokaryotic cells,EGF_ML_9_bsdr
9,PuroR,,Selection Markers,Antibiotic Resistance,5'-CGTCTCgGCGTCCACCGAGTACAAGCCCACGGTGCGCCTCGCCACCCGCGACGACGTCCCCAGGGCCGTACGCACCCTCGCCGCCGCGTTCGCCGACTACCCCGCCACGCGCCACACCGTCGATCCGGACCGCCACATCGAGCGGGTCACCGAGCTGCAAGAACTCTTCCTCACGCGCGTCGGGCTCGACATCGGCAAGGTGTGGGTCGCGGACGACGGCGCCGCGGTGGCGGTCTGGACCACGCCGGAGAGCGTCGAAGCGGGGGCGGTGTTCGCCGAGATCGGCCCGCGCATGGCCGAGTTGAGCGGTTCCCGGCTGGCCGCGCAGCAACAGATGGAAGGCCTCCTGGCGCCGCACCGGCCCAAGGAGCCCGCGTGGTTCCTGGCCACCGTCGGCGTgTCGCCCGACCACCAGGGCAAGGGTCTGGGCAGCGCCGTCGTGCTCCCCGGAGTGGAGGCGGCCGAGCGCGCCGGGGTGCCCGCCTTCCTGGAaACCTCCGCGCCCCGCAACCTCCCCTTCTACGAGCGGCTCGGCTTCACCGTCACCGCCGACGTCGAGTGCCCGAAGGACCGCGCGACCTGGTGCATGACCCGCAAGCCCGGTGCCTAATAATGCTcGAGACG-3',Puromycin resistance gene ecnoding a puromycin N-acetyl-transferase. Puromycin is an antibiotic that is a protein synthesis inhibitor by inhibiting translation,EGF_ML_9_puror
9,NeoR,,Selection Markers,Antibiotic Resistance,5'-CGTCTCgGCGTCCAGCCATATTCAACGGGAAACGTCTTGCTCGAGGCCGCGATTAAATTCCAACATGGATGCTGATTTATATGGGTATAAATGGGCTCGCGATAATGTCGGGCAATCAGGTGCGACAATCTATCGATTGTATGGGAAGCCCGATGCGCCAGAGTTGTTTCTGAAACATGGCAAAGGTAGCGTTGCCAATGATGTTACAGATGAGATGGTCAGACTAAACTGGCTGACGGAATTTATGCCTCTTCCGACCATCAAGCATTTTATCCGTACTCCTGATGATGCATGGTTACTCACCACTGCGATCCCCGGGAAAACAGCATTCCAGGTATTAGAAGAATATCCTGATTCAGGTGAAAATATTGTTGATGCGCTGGCAGTGTTCCTGCGCCGGTTGCATTCGATTCCTGTTTGTAATTGTCCTTTTAACAGCGATCGCGTATTTCGTCTGGCTCAGGCGCAATCACGAATGAATAACGGTTTGGTTGATGCGAGTGATTTTGATGACGAGCGTAATGGCTGGCCTGTTGAACAAGTCTGGAAAGAAATGCATAAGCTTTTGCCATTCTCACCGGATTCAGTCGTCACTCATGGTGATTTCTCACTTGATAACCTTATTTTTGACGAGGGGAAATTAATAGGTTGTATTGATGTTGGACGAGTCGGAATCGCAGACCGATACCAGGATCTTGCCATCCTATGGAACTGCCTCGGTGAGTTTTCTCCTTCATTACAGAAACGGCTTTTTCAAAAATATGGTATTGATAATCCTGATATGAATAAATTGCAGTTTCATTTGATGCTCGATGAGTTTTTCTAATGCTcGAGACG-3',"Neomycin resistance gene encoding a neomycin phosphotransferase. G418, also known as G418 sulfate and Geneticin, is an aminoglycoside antibiotic similar in structure to gentamicin B1, produced by Micromonospora rhodorangea. G418 blocks polypeptide synthesis by inhibiting the elongation step in both prokaryotic and eukaryotic cells. Resistance to G418 is conferred by the Neomycin resistance gene",EGF_ML_9_neor
9,DmrC,,Dimerization domain,Chemically induced dimerization domain,5'-CGTCTCgGCGTCCATCCTCTGGCATGAGATGTGGCATGAAGGCCTGGAAGAGGCATCTCGTTTGTACTTTGGGGAAAGGAACGTGAAAGGCATGTTTGAGGTGCTGGAGCCCTTGCATGCTATGATGGAACGGGGCCCCCAGACTCTGAAGGAAACATCCTTTAATCAGGCCTATGGTCGAGATTTAATGGAGGCCCAAGAGTGGTGCAGGAAGTACATGAAATCAGGGAATGTCAAGGACCTCCTCCAAGCCTGGGACCTCTATTATCATGTGTTCCGACGAATCTCAAAGTAATAACTGCTcGAGACG-3',DmrC is a chemically inducible  dimerization domain.It dimerizes with DmrA in presence of heterodimerizer.  iDimerizeTM Inducible Heterodimer System - Clontech,EGF_ML_9_dmrc
9,Fyrefly Luciferase -3XFLAG,LCF-3XFLAG,Bioluminescent Reporters,Luciferases,5'-CGTCTCgGCGTCCGAGGACGCCAAGAACATCAAGAAGGGACCAGCCCCCAGATACCCCCTGGAGGACGGCACAGCCGGCGAGCAGCTGCACAAGGCCATGAAGCGGTACGCCCAGGTGCCAGGCACCATCGCCTTCACCGACGCCCACATCGAGGTGAACATCACCTACGCCGAGTACTTCGAGATGAGCGTGCGGCTGGCCGAGGCCATGAAGCGGTACGGCCTGAACACCAACCACCGCATCGTGGTTTGCAGCGAAAACAGCCTGCAGTTCTTTATGCCAGTTCTGGGAGCACTGTTCATCGGAGTTGCAGTGGCCCCAGCAAACGACATCTACAACGAACGCGAGCTGCTGAACTCCATGAACATCAGCCAGCCAACCGTTGTGTTCGTGAGCAAGAAAGGCCTGCAGAAGATTCTGAATGTGCAGAAGAAGCTGCCAATCATTCAGAAGATCATTATCATGGACAGCAAGACCGATTACCAGGGCTTCCAGAGCATGTACACCTTCGTGACCAGCCACCTGCCCCCAGGCTTCAACGAGTACGACTTCAAGCCCGAGAGCTTCGACCGGGACAAGACCATCGCCCTGATCATGAACAGCAGCGGCAGCACCGGCCTGCCCAAGGGCGTGGCCCTGCCCCACCGGACCGCCTGCGTGCGGTTCAGCCACGCCAGGGACCCCATCTTCGGCAACCAGATCAAGCCAGACACCGCTATCCTGAGCGTTGTGCCATTCCACCACGGCTTCGGCATGTTCACCACCCTGGGCTACCTGATCTGCGGCTTCCGGGTGGTGCTGATGTACAGGTTCGAGGAGGAGCTGTTCCTGCGGAGCCTGCAGGACTACAAGATCCAGACCGCCCTGCTGGTGCCCACCCTGTTCAGCTTCTTCGCCAAGAGCACCCTGATCGACAAGTACGACCTGAGCAACCTGCACGAGATCGCCTCTGGCGGAGCCCCACTGAGCAAGGAGGTGGGCGAGGCCGTGGCCAAGCGGTTCCACCTGCCAGGCATCCGGCAGGGCTACGGGCTGACCGAAACCACTAGCGCCATCCTGATCACCCCCGAGGGCGACGACAAGCCCGGAGCCGTGGGCAAGGTGGTTCCATTCTTTGAGGCCAAAGTTGTGGACCTGGATACCGGGAAGACCCTGGGCGTGAACCAGAGAGGCGAGCTGTGCGTGAGAGGCCCCATGATCATGAGCGGCTACGTGAACAACCCCGAGGCCACCAACGCCCTGATCGACAAGGATGGCTGGCTGCACAGCGGCGACATCGCCTACTGGGATGAGGACGAGCACTTCTTTATCGTGGATCGGCTGAAGAGCCTGATCAAATACAAGGGCTACCAGGTGGCCCCAGCCGAGCTGGAGAGCATCCTGCTGCAGCACCCCAACATCCGGGACGCCGGAGTGGCCGGACTGCCCGACGACGACGCCGGAGAGCTGCCAGCCGCCGTGGTGGTGCTGGAGCACGGCAAGACCATGACCGAGAAGGAGATCGTGGACTACGTGGCCAGCCAGGTGACCACCGCCAAAAAGCTGAGAGGAGGCGTGGTCTTCGTGGATGAAGTGCCCAAGGGCCTGACCGGGAAGCTGGACGCCAGAAAGATCCGGGAGATCCTGATCAAGGCCAAGAAGGGCGGCAAGATCGCAGTGAGCGGAGGCGGGAGCGACTACAAAGACCATGACGGTGATTATAAAGATCATGACATCGATTACAAGGATGACGATGACAAGTAATAATGCTcGAGACG-3',Reporter gene encoding for Fyreply luciferase. Bioluminescent imaging  is a sensitive and versatile tool that uses luciferase enzyme as an imaging reporter,EGF_ML_9_fyreflyluciferase3xflag
9,mNeoGreen,mNG,Fluorescent Reporter,Green Fluorescent Reporter,5'-CGTCTCgGCGTCCGTGAGCAAGGGCGAGGAGGATAACATGGCCTCTCTCCCAGCGACACATGAGTTACACATCTTTGGCTCCATCAACGGTGTGGACTTTGACATGGTGGGTCAGGGCACCGGCAATCCAAATGATGGTTATGAGGAGTTAAACCTGAAGTCCACCAAGGGTGACCTCCAGTTCTCCCCCTGGATTCTGGTCCCTCATATCGGGTATGGCTTCCATCAGTACCTGCCCTACCCTGACGGGATGTCGCCTTTCCAGGCCGCCATGGTAGATGGCTCCGGATACCAAGTCCATCGCACAATGCAGTTTGAAGATGGTGCCTCCCTTACTGTTAACTACCGCTACACCTACGAGGGAAGCCACATCAAAGGAGAGGCCCAGGTGAAGGGGACTGGTTTCCCTGCTGACGGTCCTGTGATGACCAACTCGCTGACCGCTGCGGACTGGTGCAGGTCGAAGAAGACTTACCCCAACGACAAAACCATCATCAGTACCTTTAAGTGGAGTTACACCACTGGAAATGGCAAGCGCTACCGGAGCACTGCGCGGACCACCTACACCTTTGCCAAGCCAATGGCGGCTAACTATCTGAAGAACCAGCCGATGTACGTGTTCCGTAAGACGGAGCTCAAGCACTCCAAGACCGAGCTCAACTTCAAGGAGTGGCAAAAGGCCTTTACCGATGTGATGGGCATGGACGAGCTGTACAAGTAATAATGCTcGAGACG-3',Fluorescent reporter - Green - λex (nm) = 506 λem (nm) = 517  . doi: 10.1038/nmeth.2413,EGF_ML_9_mneogreen
9,mRuby2,mR2,Fluorescent Reporter,Red Fluorescent Reporter,5'-CGTCTCgGCGTCCGTGTCTAAGGGCGAAGAGCTGATCAAGGAAAATATGCGTATGAAGGTGGTCATGGAAGGTTCGGTCAACGGCCACCAATTCAAATGCACAGGTGAAGGAGAAGGCAATCCGTACATGGGAACTCAAACCATGAGGATCAAAGTCATCGAGGGAGGACCCCTGCCATTTGCCTTTGACATTCTTGCCACGTCGTTCATGTATGGCAGCCGTACTTTTATCAAGTACCCGAAAGGCATTCCTGATTTCTTTAAACAGTCCTTTCCTGAGGGTTTTACTTGGGAAAGAGTTACGAGATACGAAGATGGTGGAGTCGTCACCGTCATGCAGGACACCAGCCTTGAGGATGGCTGTCTCGTTTACCACGTCCAAGTCAGAGGGGTAAACTTTCCCTCCAATGGTCCCGTGATGCAGAAGAAGACCAAGGGTTGGGAGCCTAATACAGAGATGATGTATCCAGCAGATGGTGGTCTGAGGGGATACACTCATATGGCACTGAAAGTTGATGGTGGTGGCCATCTGTCTTGCTCTTTCGTAACAACTTACAGGTCAAAAAAGACCGTCGGGAACATCAAGATGCCCGGTATCCATGCCGTTGATCACCGCCTGGAAAGGTTAGAGGAAAGTGACAATGAAATGTTCGTAGTACAACGCGAACACGCAGTTGCCAAGTTCGCCGGGCTTGGTGGTGGGATGGACGAGCTGTACAAGTAATAATGCTcGAGACG-3',Fluorescent reporter - Red - λex (nm) = 559 λem (nm) = 600  . doi: 10.1038/nmeth.2171,EGF_ML_9_mruby2
9,mTagBFP2,mBP2,Fluorescent Reporter,Blue Fluorescent Reporter,5'-CGTCTCgGCGTCCGTGTCTAAGGGCGAAGAGCTGATTAAGGAGAACATGCACATGAAGCTGTACATGGAGGGCACCGTGGACAACCATCACTTCAAGTGCACATCCGAGGGCGAAGGCAAGCCCTACGAGGGCACCCAGACCATGAGAATCAAGGTGGTCGAGGGCGGCCCTCTCCCCTTCGCCTTCGACATCCTGGCTACTAGCTTCCTCTACGGCAGCAAGACCTTCATCAACCACACCCAGGGCATCCCCGACTTCTTCAAGCAGTCCTTCCCTGAGGGCTTCACATGGGAGAGAGTCACCACATACGAAGACGGGGGCGTGCTGACCGCTACCCAGGACACCAGCCTCCAGGACGGCTGCCTCATCTACAACGTCAAGATCAGAGGGGTGAACTTCACATCCAACGGCCCTGTGATGCAGAAGAAAACACTCGGCTGGGAGGCCTTCACCGAAACGCTGTACCCCGCTGACGGCGGCCTGGAAGGCAGAAACGACATGGCCCTGAAGCTCGTGGGCGGGAGCCATCTGATCGCAAACGCCAAGACCACATATAGATCCAAGAAACCCGCTAAGAACCTCAAGATGCCTGGCGTCTACTATGTGGACTACAGACTGGAAAGAATCAAGGAGGCCAACAACGAaACCTACGTCGAGCAGCACGAGGTGGCAGTGGCCAGATACTGCGACCTCCCTAGCAAACTGGGGCACAAGCTTAATTAATGCTcGAGACG-3',Fluorescent reporter - Blue - λex (nm) = 399 λem (nm) = 454  . doi: 10.1371/journal.pone.0028674,EGF_ML_9_mtagbfp2
9,a-Tubulin,Tb,Structural proteins,Cytoskeleton proteins,5'-CGTCTCgGCGTCCGTGCGTGAGTGCATCTCCATCCACGTTGGCCAGGCTGGTGTCCAGATTGGCAATGCCTGCTGGGAGCTCTACTGCCTGGAACACGGCATCCAGCCCGATGGCCAGATGCCAAGTGACAAGACCATTGGGGGAGGAGATGACTCCTTCAACACCTTCTTCAGTGAaACGGGCGCTGGCAAGCACGTGCCCCGGGCTGTGTTTGTAGACTTGGAACCCACAGTCATTGATGAAGTTCGCACTGGCACCTACCGCCAGCTCTTCCACCCTGAGCAGCTCATCACAGGCAAGGAAGATGCTGCCAATAACTATGCCCGAGGGCACTACACCATTGGCAAGGAGATCATTGACCTTGTGTTGGACCGAATTCGCAAGCTGGCTGACCAGTGCACCGGTCTTCAGGGCTTCTTGGTTTTCCACAGCTTTGGTGGGGGAACTGGTTCTGGGTTCACCTCCCTGCTCATGGAACGcCTCTCAGTTGATTATGGCAAGAAGTCCAAGCTGGAGTTCTCCATTTACCCAGCACCCCAGGTTTCCACAGCTGTAGTTGAGCCCTACAACTCCATCCTCACCACCCACACCACCCTGGAGCACTCTGATTGTGCCTTCATGGTAGACAATGAGGCCATCTATGACATCTGTCGTAGAAACCTCGATATCGAGCGCCCAACCTACACTAACCTTAACCGCCTTATTAGCCAGATTGTGTCCTCCATCACTGCTTCCCTGAGATTTGATGGAGCCCTGAATGTTGACCTGACAGAATTCCAGACCAACCTGGTGCCCTACCCCCGCATCCACTTCCCTCTGGCCACATATGCCCCTGTCATCTCTGCTGAGAAAGCCTACCATGAACAGCTTTCTGTAGCAGAGATCACCAATGCTTGCTTTGAGCCAGCCAACCAGATGGTGAAATGTGACCCTCGCCATGGTAAATACATGGCTTGCTGCCTGTTGTACCGTGGTGACGTGGTTCCCAAAGATGTCAATGCTGCCATTGCCACCATCAAAACCAAGCGCAGCATCCAGTTTGTGGATTGGTGCCCCACTGGCTTCAAGGTTGGCATCAACTACCAGCCTCCCACTGTGGTGCCTGGTGGcGACCTGGCCAAGGTACAGAGAGCTGTGTGCATGCTGAGCAACACCACAGCCATTGCTGAGGCCTGGGCTCGCCTGGACCACAAGTTTGACCTGATGTATGCCAAGCGTGCCTTTGTTCACTGGTACGTGGGTGAGGGGATGGAGGAAGGCGAGTTTTCAGAGGCCCGTGAAGATATGGCTGCCCTTGAGAAGGATTATGAGGAGGTTGGTGTGGATTCTGTTGAAGGAGAGGGTGAGGAAGAAGGAGAGGAATACTAATAACTGCTcGAGACG-3',Gene encoding for alpha-Tubulin,EGF_ML_9_atubulin
10,Tet-Aptazyme,,RNA regulatory sequences,Chemically induced Aptazyme,5'-CGTCTCgTGCTAGACAATACAGGAAGGAACCAAACAAACAAAGGCGAAAGCCGGCGCGTCCTGGATTCCACGTACAAAAACATACCAGATTTCGATCTGGAGAGGTGAAGAATACGACCACCTTGTACGGTACATCCAGCTGATGAGTCCCAAATAGGACGAAACGCGCTCAAACAAACAAAGGTAcGAGACG-3',"Tetracycline-inducible  aptazyme. It is a ribozyme that once placed in the 3'UTR causes RNA self-cleavage. The mRNA loses the polyA and is degraded. The result is a posttranscriptional downregulation of gene expression.  The ribozyme is fused with an aptamer that recognizes tetracycline. In presence of Tet the aptazyme is inactivated and the mRNA is not degraded.  dx.doi.org/10.1021/sb500270h | ACS Synth. Biol. 2015, 4, 526−534",EGF_ML_10_tetaptazyme
11,SV40 polyA,SV40pA,PolyA transcription terminators,Virus derived polyA,5'-CGTCTCgGGTAACTTGTTTATTGCAGCTTATAATGGTTACAAATAAAGCAATAGCATCACAAATTTCACAAATAAAGCATTTTTTTCACTGCATTCTAGTTGTGGTTTGTCCAAACTCATCAATGTATCTTATCATGTCTGTCGTCcGAGACG-3',Simian virus 40 PolyA,EGF_ML_11_sv40polya
14,SV40p,,Promoters,Constitutional Promoter,5'-CGTCTCgCTACGTGTGTCAGTTAGGGTGTGGAAAGTCCCCAGGCTCCCCAGCAGGCAGAAGTATGCAAAGCATGCATCTCAATTAGTCAGCAACCAGGTGTGGAAAGTCCCCAGGCTCCCCAGCAGGCAGAAGTATGCAAAGCATGCATCTCAATTAGTCAGCAACCATAGTCCCGCCCCTAACTCCGCCCATCCCGCCCCTAACTCCGCCCAGTTCCGCCCATTCTCCGCCCCATGGCTGACTAATTTTTTTTATTTATGCAGAGGCCGAGGCCGCCTCTGCCTCTGAGCTATTCCAGAAGTAGTGAGGAGGCTTTTTTGGAGGCCTAGGCTTTTGCAAAAAGCTCCCGGGAGCTTGTATATCCATTTTCGGATCTGATCAAGAGACAGGGCAAcGAGACG-3',Simian virus 40 early promoter ,EGF_ML_14_sv40p
15,PuroR,,Selection Markers,Antibiotic Resistance,5'-CGTCTCgGCAACCGCCACCATGACCGAGTACAAGCCCACGGTGCGCCTCGCCACCCGCGACGACGTCCCCAGGGCCGTACGCACCCTCGCCGCCGCGTTCGCCGACTACCCCGCCACGCGCCACACCGTCGATCCGGACCGCCACATCGAGCGGGTCACCGAGCTGCAAGAACTCTTCCTCACGCGCGTCGGGCTCGACATCGGCAAGGTGTGGGTCGCGGACGACGGCGCCGCGGTGGCGGTCTGGACCACGCCGGAGAGCGTCGAAGCGGGGGCGGTGTTCGCCGAGATCGGCCCGCGCATGGCCGAGTTGAGCGGTTCCCGGCTGGCCGCGCAGCAACAGATGGAAGGCCTCCTGGCGCCGCACCGGCCCAAGGAGCCCGCGTGGTTCCTGGCCACCGTCGGCGTgTCGCCCGACCACCAGGGCAAGGGTCTGGGCAGCGCCGTCGTGCTCCCCGGAGTGGAGGCGGCCGAGCGCGCCGGGGTGCCCGCCTTCCTGGAaACCTCCGCGCCCCGCAACCTCCCCTTCTACGAGCGGCTCGGCTTCACCGTCACCGCCGACGTCGAGTGCCCGAAGGACCGCGCGACCTGGTGCATGACCCGCAAGCCCGGTGCCTAATAACCCTcGAGACG-3',Puromycin resistance gene ecnoding a puromycin N-acetyl-transferase. Puromycin is an antibiotic that is a protein synthesis inhibitor by inhibiting translation,EGF_ML_15_puror
16,bGH polyA,bGHpA,PolyA transcription terminators,Endogenous  derived polyA,5'-CGTCTCgCCCTCTCTGGGGTTCGAAATGACCGACCAAGCGACGCTGTGCCTTCTAGTTGCCAGCCATCTGTTGTTTGCCCCTCCCCCGTGCCTTCCTTGACCCTGGAAGGTGCCACTCCCACTGTCCTTTCCTAATAAAATGAGGAAATTGCATCGCATTGTCTGAGTAGGTGTCATTCTATTCTGGGGGGTGGGGTGGGGCAGGACAGCAAGGGGGAGGATTGGGAAGACAATAGCAGGCATGCTGGGGATGCGGTGGGCTCTATGGGCTCcGAGACG-3',bovine growth hormone polyA,EGF_ML_16_bghpolya
18,CMVp,,Promoters,Constitutional Promoter,5'-CGTCTCgCGGTCGTTACATAACTTACGGTAAATGGCCCGCCTGGCTGACCGCCCAACGACCCCCGCCCATTGACGTCAATAATGACGTATGTTCCCATAGTAACGCCAATAGGGACTTTCCATTGACGTCAATGGGTGGAGTATTTACGGTAAACTGCCCACTTGGCAGTACATCAAGTGTATCATATGCCAAGTACGCCCCCTATTGACGTCAATGACGGTAAATGGCCCGCCTGGCATTATGCCCAGTACATGACCTTATGGGACTTTCCTACTTGGCAGTACATCTACGTATTAGTCATCGCTATTACCATGGTGATGCGGTTTTGGCAGTACATCAATGGGCGTGGATAGCGGTTTGACTCACGGGGATTTCCAAGTCTCCACCCCATTGACGTCAATGGGAGTTTGTTTTGGCACCAAAATCAACGGGACTTTCCAAAATGTCGTAACAACTCCGCCCCATTGACGCAAATGGGCGGTAGGCGTGTACGGTGGGAGGTCTATATAAGCAGAGCTAATTCGTCGACTGGATCCGGTACCGAGGAGATCTGGTGCcGAGACG-3',Strong constitutive promoter : Human cytomegalovirus (CMV) immediate early enhancer and promoter,EGF_ML_18_cmvp
18,EF1ap,,Promoters,Constitutional Promoter,5'-CGTCTCgCGGTGGCTCCGGTGCCCGTCAGTGGGCAGAGCGCACATCGCCCACAGTCCCCGAGAAGTTGGGGGGAGGGGTCGGCAATTGAACCGGTGCCTAGAGAAGGTGGCGCGGGGTAAACTGGGAAAGTGATGTCGTGTACTGGCTCCGCCTTTTTCCCGAGGGTGGGGGAGAACCGTATATAAGTGCAGTAGTCGCCGTGAACGTTCTTTTTCGCAACGGGTTTGCCGCCAGAACACAGGTAAGTGCCGTGTGTGGTTCCCGCGGGCCTGGCCTCTTTACGGGTTATGGCCCTTGCGTGCCTTGAATTACTTCCACCTGGCTGCAGTACGTGATTCTTGATCCCGAGCTTCGGGTTGGAAGTGGGTGGGAGAGTTCGAGGCCTTGCGCTTAAGGAGCCCCTTCGCCTCGTGCTTGAGTTGAGGCCTGGCCTGGGCGCTGGGGCCGCCGCGTGCGAATCTGGTGGCACCTTCGCGCCTGTCTCGCTGCTTTCGATAAGTCTCTAGCCATTTAAAATTTTTGATGACCTGCTGCGACGCTTTTTTTCTGGCAAGATAGTCTTGTAAATGCGGGCCAAGATCTGCACACTGGTATTTCGGTTTTTGGGGCCGCGGGCGGCGACGGGGCCCGTGCGTCCCAGCGCACATGTTCGGCGAGGCGGGGCCTGCGAGCGCGGCCACCGAGAATCGGACGGGGGTAGTCTCAAGCTGGCCGGCCTGCTCTGGTGCCTGGCCTCGCGCCGCCGTGTATCGCCCCGCCCTGGGCGGCAAGGCTGGCCCGGTCGGCACCAGTTGCGTGAGCGGAAAGATGGCCGCTTCCCGGCCCTGCTGCAGGGAGCTCAAAATGGAGGACGCGGCGCTCGGGAGAGCGGGCGGGTGAGTCACCCACACAAAGGAAAAGGGCCTTTCCGTCCTCAGCCGTCGCTTCATGTGACTCCACGGAGTACCGGGCGCCGTCCAGGCACCTCGATTAGTTCTCGAGCTTTTGGAGTACGTCGTCTTTAGGTTGGGGGGAGGGGTTTTATGCGATGGAGTTTCCCCACACTGAGTGGGTGGAGACTGAAGTTAGGCCAGCTTGGCACTTGATGTAATTCTCCTTGGAATTTGCCCTTTTTGAGTTTGGATCTTGGTTCATTCTCAAGCCTCAGACAGTGGTTCAAAGTTTTTTTCTTCCATTTCAGGTGTCGTGACGCTAGCGCTACCGGACTCAGATCTCGAGCTCAAGCTTCGAATTCGTGCcGAGACG-3',strong constitutive promoter derived from  endogenous promoter of human elongation factor EF-1α . EF-1 alpha is often useful in conditions where other promoters (such as CMV) have diminished activity or have been silenced (as in embryonic stem cells),EGF_ML_18_ef1ap
19,mNeoGreen,mNG,Fluorescent Reporter,Green Fluorescent Reporter,5'-CGTCTCgGTGCCCGCCACCATGGTGAGCAAGGGCGAGGAGGATAACATGGCCTCTCTCCCAGCGACACATGAGTTACACATCTTTGGCTCCATCAACGGTGTGGACTTTGACATGGTGGGTCAGGGCACCGGCAATCCAAATGATGGTTATGAGGAGTTAAACCTGAAGTCCACCAAGGGTGACCTCCAGTTCTCCCCCTGGATTCTGGTCCCTCATATCGGGTATGGCTTCCATCAGTACCTGCCCTACCCTGACGGGATGTCGCCTTTCCAGGCCGCCATGGTAGATGGCTCCGGATACCAAGTCCATCGCACAATGCAGTTTGAAGATGGTGCCTCCCTTACTGTTAACTACCGCTACACCTACGAGGGAAGCCACATCAAAGGAGAGGCCCAGGTGAAGGGGACTGGTTTCCCTGCTGACGGTCCTGTGATGACCAACTCGCTGACCGCTGCGGACTGGTGCAGGTCGAAGAAGACTTACCCCAACGACAAAACCATCATCAGTACCTTTAAGTGGAGTTACACCACTGGAAATGGCAAGCGCTACCGGAGCACTGCGCGGACCACCTACACCTTTGCCAAGCCAATGGCGGCTAACTATCTGAAGAACCAGCCGATGTACGTGTTCCGTAAGACGGAGCTCAAGCACTCCAAGACCGAGCTCAACTTCAAGGAGTGGCAAAAGGCCTTTACCGATGTGATGGGCATGGACGAGCTGTACAAGAGCGcGAGACG-3',Fluorescent reporter - Green - λex (nm) = 506 λem (nm) = 517  . doi: 10.1038/nmeth.2413,EGF_ML_19_mneogreen
19,mRuby2,mR2,Fluorescent Reporter,Red Fluorescent Reporter,5'-CGTCTCgGTGCCCGCCACCATGGTGTCTAAGGGCGAAGAGCTGATCAAGGAAAATATGCGTATGAAGGTGGTCATGGAAGGTTCGGTCAACGGCCACCAATTCAAATGCACAGGTGAAGGAGAAGGCAATCCGTACATGGGAACTCAAACCATGAGGATCAAAGTCATCGAGGGAGGACCCCTGCCATTTGCCTTTGACATTCTTGCCACGTCGTTCATGTATGGCAGCCGTACTTTTATCAAGTACCCGAAAGGCATTCCTGATTTCTTTAAACAGTCCTTTCCTGAGGGTTTTACTTGGGAAAGAGTTACGAGATACGAAGATGGTGGAGTCGTCACCGTCATGCAGGACACCAGCCTTGAGGATGGCTGTCTCGTTTACCACGTCCAAGTCAGAGGGGTAAACTTTCCCTCCAATGGTCCCGTGATGCAGAAGAAGACCAAGGGTTGGGAGCCTAATACAGAGATGATGTATCCAGCAGATGGTGGTCTGAGGGGATACACTCATATGGCACTGAAAGTTGATGGTGGTGGCCATCTGTCTTGCTCTTTCGTAACAACTTACAGGTCAAAAAAGACCGTCGGGAACATCAAGATGCCCGGTATCCATGCCGTTGATCACCGCCTGGAAAGGTTAGAGGAAAGTGACAATGAAATGTTCGTAGTACAACGCGAACACGCAGTTGCCAAGTTCGCCGGGCTTGGTGGTGGGATGGACGAGCTGTACAAGAGCGcGAGACG-3',Fluorescent reporter - Red - λex (nm) = 559 λem (nm) = 600  . doi: 10.1038/nmeth.2171,EGF_ML_19_mruby2
19,mTagBFP2,mBP2,Fluorescent Reporter,Blue Fluorescent Reporter,5'-CGTCTCgGTGCCCGCCACCATGGTGTCTAAGGGCGAAGAGCTGATTAAGGAGAACATGCACATGAAGCTGTACATGGAGGGCACCGTGGACAACCATCACTTCAAGTGCACATCCGAGGGCGAAGGCAAGCCCTACGAGGGCACCCAGACCATGAGAATCAAGGTGGTCGAGGGCGGCCCTCTCCCCTTCGCCTTCGACATCCTGGCTACTAGCTTCCTCTACGGCAGCAAGACCTTCATCAACCACACCCAGGGCATCCCCGACTTCTTCAAGCAGTCCTTCCCTGAGGGCTTCACATGGGAGAGAGTCACCACATACGAAGACGGGGGCGTGCTGACCGCTACCCAGGACACCAGCCTCCAGGACGGCTGCCTCATCTACAACGTCAAGATCAGAGGGGTGAACTTCACATCCAACGGCCCTGTGATGCAGAAGAAAACACTCGGCTGGGAGGCCTTCACCGAAACGCTGTACCCCGCTGACGGCGGCCTGGAAGGCAGAAACGACATGGCCCTGAAGCTCGTGGGCGGGAGCCATCTGATCGCAAACGCCAAGACCACATATAGATCCAAGAAACCCGCTAAGAACCTCAAGATGCCTGGCGTCTACTATGTGGACTACAGACTGGAAAGAATCAAGGAGGCCAACAACGAaACCTACGTCGAGCAGCACGAGGTGGCAGTGGCCAGATACTGCGACCTCCCTAGCAAACTGGGGCACAAGCTTAATAGCGcGAGACG-3',Fluorescent reporter - Blue - λex (nm) = 399 λem (nm) = 454  . doi: 10.1371/journal.pone.0028674,EGF_ML_19_mtagbfp2
19,Tet-ON-3G,,Transcription Factor ,Inducible transcriptional activator,5'-CGTCTCgGTGCCCGCCACCATGTCTAGACTGGACAAGAGCAAAGTCATAAACTCTGCTCTGGAATTACTCAATGGAGTCGGTATCGAAGGCCTGACGACAAGGAAACTCGCTCAAAAGCTGGGAGTTGAGCAGCCTACCCTGTACTGGCACGTGAAGAACAAGCGGGCCCTGCTCGATGCCCTGCCAATCGAGATGCTGGACAGGCATCATACCCACTCCTGCCCCCTGGAAGGCGAGTCATGGCAAGACTTTCTGCGGAACAACGCCAAGTCATACCGCTGTGCTCTCCTCTCACATCGCGACGGGGCTAAAGTGCATCTCGGCACCCGCCCAACAGAGAAACAGTACGAAACCCTGGAAAATCAGCTCGCGTTCCTGTGTCAGCAAGGCTTCTCCCTGGAGAACGCACTGTACGCTCTGTCCGCCGTGGGCCACTTTACACTGGGCTGCGTATTGGAGGAACAGGAGCATCAAGTAGCAAAAGAGGAAAGAGAGACACCTACCACCGATTCTATGCCCCCACTTCTGAAACAAGCAATTGAGCTGTTCGACCGGCAGGGAGCCGAACCTGCCTTCCTTTTCGGCCTGGAACTAATCATATGTGGCCTGGAGAAACAGCTAAAGTGCGAAAGCGGCGGGCCGACCGACGCCCTTGACGATTTTGACTTAGACATGCTCCCAGCCGATGCCCTTGACGACTTTGACCTTGATATGCTGCCTGCTGACGCTCTTGACGATTTTGACCTTGACATGCTCCCCGGGTCACTAAGTAGCGcGAGACG-3',Tetracycline inducible transcriptional activator. Tet-On 3G - Clontech,EGF_ML_19_teton3g
20,Ct-minute-NES,NES,Peptide Tags,Protein Tags for Subcellular targeting,5'-CGTCTCgAGCGGAATGACCAAGAAGTTCGGCACCCTGACCATCTAATGGAcGAGACG-3',"minute virus of mice derived nuclear export signal (NES, MTKKFGTLTI) ",EGF_ML_20_ctminutenes
20,Ct-NES,,Peptide Tags,Protein Tags for Subcellular targeting,5'-CGTCTCgAGCGGAGCCCTGGCCCTGAAGCTGGCCGGACTGGACATCGGAGGCTAATGGAcGAGACG-3/,Nuclear exportation sequence,EGF_ML_20_ctnes
20,Linker 3,LK-3,Peptide Linker,Flexible Peptide Linker,5'-CGTCTCgAGCGGAGGCGGAGGAAGCGGCGGAGGAGGCTCAGCCAGCGCTGGAcGAGACG-3',Flexible peptide  linker:  GGGSGGGGSAS,EGF_ML_20_linker3
20,p2A-Porcine teschovirus-1 ,p2A,2A-like peptide sequences ,2A peptide ,5'-CGTCTCgAGCGGCGCTACTAACTTCAGCCTGCTGAAGCAGGCTGGcGACGTGGAGGAGAACCCTGGACCTTCTGGAcGAGACG-3',"‘self-cleaving’ 2A peptide. Nat.Biotechnol.2004. 22, 589–594",EGF_ML_20_p2aporcineteschovirus1
21,DmrA,,Dimerization domain,Chemically induced dimerization domain,5'-CGTCTCgTGGAGGAGTGCAGGTGGAAACCATCTCCCCAGGcGACGGGCGCACCTTCCCCAAGCGCGGCCAGACCTGCGTGGTGCACTACACCGGGATGCTTGAAGATGGAAAGAAATTTGATTCCTCCCGGGACAGAAACAAGCCCTTTAAGTTTATGCTAGGCAAGCAGGAGGTGATCCGAGGCTGGGAAGAAGGGGTTGCCCAGATGAGTGTGGGTCAGAGAGCCAAACTGACTATATCTCCAGATTATGCCTATGGTGCCACTGGGCACCCAGGCATCATCCCACCACATGCCACTCTCGTCTTCGATGTGGAGCTTCTAAAACTGGAATAATAAGTTGcGAGACG-3',DmrA is a chemically inducible  dimerization domain.It dimerizes with DmrC in presence of heterodimerizer.  iDimerizeTM Inducible Heterodimer System - Clontech,EGF_ML_21_dmra
21,mKate2,mK2,Fluorescent Reporter,Far-red Fluorescent Reporter,5'-CGTCTCgTGGAgtgagcgagctgattaaggagaacatgcacatgaagctgtacatggagggcaccgtgaacaaccaccacttcaagtgcacatccgagggcgaaggcaagccctacgagggcacccagaccatgagaatcaaggcggtcgagggcggccctctccccttcgccttcgacatcctggctaccagcttcatgtacggcagcaaaaccttcatcaaccacacccagggcatccccgacttctttaagcagtccttccccgagggcttcacatgggagagagtcaccacatacgaagacgggggcgtgctgaccgctacccaggacaccagcctccaggacggctgcctcatctacaacgtcaagatcagaggggtgaacttcccatccaacggccctgtgatgcagaagaaaacactcggctgggaggcctccaccgaaaccctgtaccccgctgacggcggcctggaaggcagagccgacatggccctgaagctcgtgggcgggggccacctgatctgcaacttgaagaccacatacagatccaagaaacccgctaagaacctcaagatgcccggcgtctactatgtggacagaagactggaaagaatcaaggaggccgacaaagaaacctacgtcgagcagcacgaggtggctgtggccagatactgcgacctccctagcaaactggggcacagaTAAGTTGcGAGACG-3',"Fluorescent reporter - Far red - λex (nm) = 588, λem (nm) = 633 doi: 10.1042/bj20081949",EGF_ML_21_mkate2
21,mNeoGreen,mNG,Fluorescent Reporter,Green Fluorescent Reporter,5'-CGTCTCgTGGAGTGAGCAAGGGCGAGGAGGATAACATGGCCTCTCTCCCAGCGACACATGAGTTACACATCTTTGGCTCCATCAACGGTGTGGACTTTGACATGGTGGGTCAGGGCACCGGCAATCCAAATGATGGTTATGAGGAGTTAAACCTGAAGTCCACCAAGGGTGACCTCCAGTTCTCCCCCTGGATTCTGGTCCCTCATATCGGGTATGGCTTCCATCAGTACCTGCCCTACCCTGACGGGATGTCGCCTTTCCAGGCCGCCATGGTAGATGGCTCCGGATACCAAGTCCATCGCACAATGCAGTTTGAAGATGGTGCCTCCCTTACTGTTAACTACCGCTACACCTACGAGGGAAGCCACATCAAAGGAGAGGCCCAGGTGAAGGGGACTGGTTTCCCTGCTGACGGTCCTGTGATGACCAACTCGCTGACCGCTGCGGACTGGTGCAGGTCGAAGAAGACTTACCCCAACGACAAAACCATCATCAGTACCTTTAAGTGGAGTTACACCACTGGAAATGGCAAGCGCTACCGGAGCACTGCGCGGACCACCTACACCTTTGCCAAGCCAATGGCGGCTAACTATCTGAAGAACCAGCCGATGTACGTGTTCCGTAAGACGGAGCTCAAGCACTCCAAGACCGAGCTCAACTTCAAGGAGTGGCAAAAGGCCTTTACCGATGTGATGGGCATGGACGAGCTGTACAAGTAAGTTGcGAGACG-3',Fluorescent reporter - Green - λex (nm) = 506 λem (nm) = 517  . doi: 10.1038/nmeth.2413,EGF_ML_21_mneogreen
21,mRuby2,mR2,Fluorescent Reporter,Red Fluorescent Reporter,5'-CGTCTCgTGGAGTGTCTAAGGGCGAAGAGCTGATCAAGGAAAATATGCGTATGAAGGTGGTCATGGAAGGTTCGGTCAACGGCCACCAATTCAAATGCACAGGTGAAGGAGAAGGCAATCCGTACATGGGAACTCAAACCATGAGGATCAAAGTCATCGAGGGAGGACCCCTGCCATTTGCCTTTGACATTCTTGCCACGTCGTTCATGTATGGCAGCCGTACTTTTATCAAGTACCCGAAAGGCATTCCTGATTTCTTTAAACAGTCCTTTCCTGAGGGTTTTACTTGGGAAAGAGTTACGAGATACGAAGATGGTGGAGTCGTCACCGTCATGCAGGACACCAGCCTTGAGGATGGCTGTCTCGTTTACCACGTCCAAGTCAGAGGGGTAAACTTTCCCTCCAATGGTCCCGTGATGCAGAAGAAGACCAAGGGTTGGGAGCCTAATACAGAGATGATGTATCCAGCAGATGGTGGTCTGAGGGGATACACTCATATGGCACTGAAAGTTGATGGTGGTGGCCATCTGTCTTGCTCTTTCGTAACAACTTACAGGTCAAAAAAGACCGTCGGGAACATCAAGATGCCCGGTATCCATGCCGTTGATCACCGCCTGGAAAGGTTAGAGGAAAGTGACAATGAAATGTTCGTAGTACAACGCGAACACGCAGTTGCCAAGTTCGCCGGGCTTGGTGGTGGGATGGACGAGCTGTACAAGTAAGTTGcGAGACG-3',Fluorescent reporter - Red - λex (nm) = 559 λem (nm) = 600  . doi: 10.1038/nmeth.2171,EGF_ML_21_mruby2
21,mTagBFP2,mBP2,Fluorescent Reporter,Blue Fluorescent Reporter,5'-CGTCTCgTGGAGTGTCTAAGGGCGAAGAGCTGATTAAGGAGAACATGCACATGAAGCTGTACATGGAGGGCACCGTGGACAACCATCACTTCAAGTGCACATCCGAGGGCGAAGGCAAGCCCTACGAGGGCACCCAGACCATGAGAATCAAGGTGGTCGAGGGCGGCCCTCTCCCCTTCGCCTTCGACATCCTGGCTACTAGCTTCCTCTACGGCAGCAAGACCTTCATCAACCACACCCAGGGCATCCCCGACTTCTTCAAGCAGTCCTTCCCTGAGGGCTTCACATGGGAGAGAGTCACCACATACGAAGACGGGGGCGTGCTGACCGCTACCCAGGACACCAGCCTCCAGGACGGCTGCCTCATCTACAACGTCAAGATCAGAGGGGTGAACTTCACATCCAACGGCCCTGTGATGCAGAAGAAAACACTCGGCTGGGAGGCCTTCACCGAAACGCTGTACCCCGCTGACGGCGGCCTGGAAGGCAGAAACGACATGGCCCTGAAGCTCGTGGGCGGGAGCCATCTGATCGCAAACGCCAAGACCACATATAGATCCAAGAAACCCGCTAAGAACCTCAAGATGCCTGGCGTCTACTATGTGGACTACAGACTGGAAAGAATCAAGGAGGCCAACAACGAaACCTACGTCGAGCAGCACGAGGTGGCAGTGGCCAGATACTGCGACCTCCCTAGCAAACTGGGGCACAAGCTTAATTAAGTTGcGAGACG-3',Fluorescent reporter - Blue - λex (nm) = 399 λem (nm) = 454  . doi: 10.1371/journal.pone.0028674,EGF_ML_21_mtagbfp2
21,PuroR,,Selection Markers,Antibiotic Resistance,5'-CGTCTCgTGGAACCGAGTACAAGCCCACGGTGCGCCTCGCCACCCGCGACGACGTCCCCAGGGCCGTACGCACCCTCGCCGCCGCGTTCGCCGACTACCCCGCCACGCGCCACACCGTCGATCCGGACCGCCACATCGAGCGGGTCACCGAGCTGCAAGAACTCTTCCTCACGCGCGTCGGGCTCGACATCGGCAAGGTGTGGGTCGCGGACGACGGCGCCGCGGTGGCGGTCTGGACCACGCCGGAGAGCGTCGAAGCGGGGGCGGTGTTCGCCGAGATCGGCCCGCGCATGGCCGAGTTGAGCGGTTCCCGGCTGGCCGCGCAGCAACAGATGGAAGGCCTCCTGGCGCCGCACCGGCCCAAGGAGCCCGCGTGGTTCCTGGCCACCGTCGGCGTgTCGCCCGACCACCAGGGCAAGGGTCTGGGCAGCGCCGTCGTGCTCCCCGGAGTGGAGGCGGCCGAGCGCGCCGGGGTGCCCGCCTTCCTGGAaACCTCCGCGCCCCGCAACCTCCCCTTCTACGAGCGGCTCGGCTTCACCGTCACCGCCGACGTCGAGTGCCCGAAGGACCGCGCGACCTGGTGCATGACCCGCAAGCCCGGTGCCTAATAAGTTGcGAGACG-3',Puromycin resistance gene ecnoding a puromycin N-acetyl-transferase. Puromycin is an antibiotic that is a protein synthesis inhibitor by inhibiting translation,EGF_ML_21_puror
22,PGK polyA,PGKpA,PolyA transcription terminators,Endogenous  derived polyA,5'-CGTCTCgGTTGCCTTGAGCATCTGACTTCTGGCTAAATTGATGATCTATTAAACAATAAAGATGTCCACATGGAAGTTTTTTCCTGTCATACTTTGTTAAGAAGGGTGAGAACAGAGTACCTACATTTTGAATGGAAGGATTGGAGCTACGGGGGTGGGGGTGGGGTGGGATTAGATAAATGCCTGCTCTTTACTGAAGGCTCTTTACTATTGCTTTATGATAATGTTTCATAGTTGGATCGAAcGAGACG-3',mouse phosphoglucokinase polyA,EGF_ML_22_pgkpolya
23,Insulator_FB,IS_FB,Insulators,endogenous elements,5'-CGTCTCgCGAAGGCCGCGAATTCTGAAAGACCCCACCTGTAGGTTTGGCAAGCCCAGGGATGTACGTCCCTAACCCGCTAGGGGGCAGCAACTAGTCCCAGGCCTGCACTGCCGCCTGCCGGCAGGGGTCCAGTCGCTAGCGCATGCCTGCACACGcGAGACG-3',FII/BEAD-A (FB) element. (STEMCELLS2008;26:3257–3266 ). FII/BEAD-A (FB) contains the minimal enhancer-blocking components of the chicken b-globin 5'HS4 insulator and a homologous region from the human T-cell receptor  BEAD-1 insulator ,EGF_ML_23_insulatorfb
24,3'HA-hAAVS1,,Homology Arm,Human genomic locus,5'-CGTCTCgCACGCCGCCTCTACTCCCTTTCTCTTTCTCCATCCTTCTTTCCTTAAAGAGTCCCCAGTGCTATCTGGGACATATTCCTCCGCCCAGAGCAGGGTCCCGCTTCCCTAAGGCCCTGCTCTGGGCTTCTGGGTTTGAGTCCTTGGCAAGCCCAGGAGAGGCGCTCAGGCTTCCCTGTCCCCCTTCCTCGTCCACCATCTCATGCCCCTGGCTCTCCTGCCCCTTCCCTACAGGGGTTCCTGGCTCTGCTCTTCAGACTGAGCCCCGTTCCCCTGCATCCCCGTTCCCCTGCATCCCCCTTCCCCTGCATCCCCCAGAGGCCCCAGGCCACCTACTTGGCCTGGACCCCACGAGAGGCCACCCCAGCCCTGTCTACCAGGCTGCCTTTTGGGTGGATTCTCCTCCAACTGTGGGGTGACTGCTTGGCAAACTCACTCTTCGGGGTATCCCAGGAGGCCTGGAGCATTGGGGTGGGCTGGGGTTCAGAGAGGAGGGATTCCCTTCTCAGGTTACGTGGCCAAGAAGCAGGGGAGCTGGGTTTGGGTCAGGTCTGGGTGTGGGGTGACCAGCTTATGCTGTTTGCCCAGGACAGCCTAGTTTTAGCACTGAAACCCTCAGTCTAATGGTTACAAATAAAGCAACTGcGAGACG-3',Homology arm for targeting of hAVVS1 locus,EGF_ML_24_3hahaavs1
24,3'-ITR-PB,,inverted terminal repeat sequences (ITRs),transposon-specific inverted terminal repeat sequences (ITRs),5'-CGTCTCgCACGTGCATCCACGATCTAGTCACTTTGTTACTTTATAGAAGAAATTTTGAGTTTTTGTTTTTTTTTAATAAATAAATAAACATAAATAAATTGTTTGTTGAATTTATTATTAGTATGTAAGTGTAAATATAATAAAACTTAATATCTATTCAAATTAATAAATAAACGTCAATTTTACGCATGATTATCTTTAACGTACGTCACAATATGATTATCTTTCTAGGGTTAACTACTCACCCTCGAGCATAACACTGcGAGACG-3',transposon-specific inverted terminal repeat sequences (ITRs) recognized by PiggyBac transposase,EGF_ML_24_3itrpb
25,SV40-ORI,,Episomal elements,Viral,5'-CGTCTCgACTGATCCCGCCCCTAACTCCGCCCAGTTCCGCCCATTCTCCGCCCCATGGCTGACTAATTTTTTTTATTTATGCAGAGGCCGAGGCCGCCTCTGCCTCTGAGCTATTCCAGAAGTAGTGAGGAGGCTTTTTTGGAGGCCACGAcGAGACG-3',Simian virus 40 origin of replication. SV40 DNA replication is initiated by binding of large T-antigen to the origin region of the genome,EGF_ML_25_sv40ori